192607,1.3724,0.9081,-0.0695,5.7168,1.9642,1.4222
192608,0.6095,1.5075,5.3842,2.7154,2.6838,6.3154
192609,-2.6779,-0.1359,-0.4374,1.4287,0.0709,-0.7967
192610,-3.5365,-4.3572,-2.0112,-3.5898,-2.3460,-4.0970
192611,3.1210,3.6608,2.0944,3.1292,2.8965,3.4614
192612,2.7364,1.8411,3.2639,2.9678,2.6067,2.3950
192701,-1.0001,-0.3782,3.9316,-0.2621,0.0347,4.4635
192702,3.9022,6.3784,6.6192,5.0044,3.5568,8.6305
192703,-1.6000,-0.9889,-3.1676,1.3025,0.2071,-2.4764
192704,-1.3184,0.8741,3.4796,3.0510,-0.7634,-0.5452
192705,5.5482,3.3467,13.3256,5.4076,5.1017,7.4921
192706,-1.5484,1.3040,-3.9474,-0.9628,-3.0156,-1.6326
192707,4.3331,5.2347,3.9846,9.2369,6.7429,7.2603
192708,2.3503,-2.2044,0.8600,3.9191,1.2181,-1.9651
192709,2.3981,2.2316,0.3990,5.3864,4.3919,5.9674
192710,-0.1633,-2.1458,-5.8357,-3.6349,-4.2840,-6.6219
192711,10.4346,8.0620,10.2275,7.0560,6.7676,6.6346
192712,5.5505,2.6016,2.4506,2.4954,1.8547,3.4755
192801,3.2031,2.7804,3.5948,-0.4774,-0.3667,-2.3168
192802,-4.7913,-1.7203,-4.1271,-0.6762,-1.1395,-2.7296
192803,7.3930,8.6229,9.4570,12.2800,6.1327,7.8254
192804,4.2158,10.6845,9.9723,2.9145,6.0000,4.4979
192805,7.5326,1.9540,2.5740,2.6065,-0.1128,0.6388
192806,-8.5131,-8.3044,-6.8294,-3.6094,-4.1224,-5.4164
192807,-0.4048,-0.4017,-0.8867,1.3590,0.1098,0.9017
192808,6.1240,5.0517,3.6990,8.7368,5.3867,6.9468
192809,5.7317,4.4538,6.1762,2.9576,1.9153,4.4896
192810,6.8299,3.1244,1.6621,1.3590,1.4325,2.0067
192811,8.6705,11.1936,12.2831,11.1602,13.2781,13.1497
192812,0.9055,-0.5953,-0.6462,0.9332,0.0018,1.2917
192901,-0.0340,1.9379,1.4480,6.5262,4.8294,2.6307
192902,0.7414,1.1014,0.3820,-0.5791,0.8403,3.1476
192903,-5.9533,-3.4602,-4.0571,-1.3835,2.2097,-0.0642
192904,-0.0822,2.7549,0.5004,2.2172,1.1096,2.8362
192905,-10.2009,-9.3603,-12.5598,-5.7297,-4.1597,-6.1709
192906,6.9673,9.4356,6.4064,12.4593,9.3446,7.5052
192907,-0.0681,-0.7029,3.8633,3.5656,6.2018,4.9529
192908,-0.8885,-0.4641,-0.4544,7.2720,12.5430,6.9497
192909,-4.2569,-4.3105,-3.6218,-4.4211,-4.9685,-6.3175
192910,-21.7261,-19.3351,-19.8329,-24.1865,-14.0943,-10.3723
192911,-16.4096,-9.7926,-12.3366,-14.2535,-10.9314,-7.6677
192912,-2.7511,-3.1295,-1.8488,3.3988,0.5510,1.3170
193001,6.2347,9.4133,8.4631,7.1735,3.3849,2.9221
193002,1.3502,1.2599,4.3779,3.4639,1.9009,1.2221
193003,9.0009,11.0406,10.7647,6.8160,8.3445,5.3573
193004,-6.0956,-1.7720,-3.4814,-2.3610,-1.7312,-6.6523
193005,-3.7611,-2.3202,-2.9578,0.7061,-2.2694,-1.3650
193006,-16.9330,-16.6600,-18.9287,-17.8490,-13.1218,-11.8439
193007,6.5208,3.7280,2.5406,4.4017,4.2198,5.2644
193008,-3.7646,-1.6135,-2.5073,1.1969,-0.8000,-1.6232
193009,-13.6823,-14.6721,-19.1619,-12.0325,-11.7394,-17.0858
193010,-10.1007,-7.6801,-10.7443,-9.4278,-7.3264,-11.4835
193011,0.2231,-2.7838,-2.6023,-2.3616,-2.8339,-6.6002
193012,-10.4113,-11.0266,-17.2866,-5.8057,-9.1776,-9.7245
193101,9.8982,11.3602,15.3447,4.7170,6.9823,13.5911
193102,13.1802,11.6577,17.0974,12.8706,6.7357,12.1756
193103,-4.3393,-2.9204,-6.9747,-4.1971,-10.3577,-8.8826
193104,-12.8802,-14.0212,-18.2440,-8.8412,-11.1070,-11.3490
193105,-9.6516,-8.7006,-13.8368,-11.3932,-15.9343,-20.3630
193106,10.1107,7.7295,20.3215,12.8509,16.1956,25.2657
193107,-8.5867,-8.9411,-5.7363,-5.1668,-10.1775,-12.2143
193108,-1.6114,-1.1797,-3.7504,0.8986,-1.5948,0.0531
193109,-26.5722,-30.0521,-33.8286,-28.8671,-28.1493,-35.1131
193110,4.2319,9.2071,5.4593,9.5401,3.2588,11.7214
193111,-7.7335,-7.2915,-9.3902,-6.1288,-16.6307,-14.5665
193112,-13.7987,-16.5088,-22.4192,-11.5667,-18.8221,-20.6686
193201,2.4924,3.9264,10.5116,-3.4347,1.9132,6.6353
193202,-2.4754,1.9822,1.3833,7.1142,1.7366,0.3507
193203,-10.5259,-12.1366,-10.6244,-10.2031,-15.1403,-14.7460
193204,-19.3072,-17.1449,-16.0430,-18.1275,-20.1476,-18.5418
193205,-17.1387,-24.8400,-16.9055,-19.2184,-25.9531,-25.4360
193206,0.9540,6.2481,0.9954,-1.7110,0.0545,8.8476
193207,31.9157,36.1125,63.2475,28.1955,48.6209,67.7847
193208,48.7253,55.3725,83.5754,31.3211,50.9661,62.5277
193209,-2.8086,-4.5841,-12.4737,-1.0366,-6.5149,-5.0087
193210,-16.2523,-19.6450,-23.8672,-10.7514,-17.5126,-23.2272
193211,-0.2993,-8.2786,-13.2053,-2.7223,-8.9288,-16.3816
193212,-5.1570,-4.2529,-11.0792,6.8503,1.0438,-3.5633
193301,4.3939,1.3914,8.0722,-0.0120,3.0297,8.7685
193302,-17.8502,-18.4137,-20.8881,-14.9493,-16.5816,-17.3738
193303,7.0768,6.1577,16.0332,0.9569,9.8608,6.7577
193304,45.4430,54.8024,56.5610,33.7390,51.8933,57.4905
193305,59.9375,62.1965,73.3394,16.9717,26.7781,41.6260
193306,32.9390,23.3035,18.2645,11.3683,15.5089,21.9496
193307,-14.1385,-12.7712,-7.2418,-8.8583,-13.0573,-9.2208
193308,10.5585,10.1102,8.2144,10.5958,15.7784,18.8615
193309,-7.6121,-13.3352,-20.9042,-9.1454,-12.3603,-19.3866
193310,-8.4949,-12.4200,-13.8362,-6.1614,-10.5922,-17.7448
193311,4.4492,4.6618,6.1086,9.6900,12.2772,12.6924
193312,4.7702,4.0567,0.4565,2.1093,1.8286,3.3536
193401,21.5203,28.5643,38.3403,9.8669,16.8246,24.1368
193402,-0.2935,1.1796,5.3723,-2.3815,-3.1241,-3.8100
193403,4.7722,2.0674,-0.0727,-0.0029,-0.1362,-0.6200
193404,2.8356,-1.3170,-1.8303,-1.7780,-2.3152,-4.6160
193405,-7.3381,-9.8907,-12.0504,-6.4033,-8.5879,-13.5106
193406,3.7672,0.0811,-2.3100,2.6280,2.4811,2.8615
193407,-18.0226,-21.5042,-24.4253,-8.3110,-11.7051,-23.1790
193408,10.9235,9.4125,12.1272,6.0718,4.4464,5.7691
193409,-0.9255,-0.5806,-3.5104,-0.2597,-0.1487,-0.1050
193410,-0.9250,-1.6380,-4.1891,-0.4115,-2.7080,-7.3690
193411,17.4218,15.4433,12.5328,10.2402,5.0137,10.6573
193412,4.9409,1.7554,1.5191,0.7507,0.5333,-2.2372
193501,-5.5523,-3.3988,-2.9638,-3.0099,-2.8838,-9.3128
193502,-3.5225,-4.8589,-5.9285,-0.8581,-1.6838,-12.9875
193503,-5.9234,-7.4692,-11.3546,-2.9715,-3.3289,-7.7499
193504,6.7174,9.3484,10.3838,8.0311,9.8871,13.0598
193505,-2.6657,2.3317,1.6295,3.1370,4.3390,3.9570
193506,5.8129,5.9262,0.8060,6.3821,5.6136,8.0813
193507,9.1528,12.9358,12.7537,6.9882,6.3196,17.1148
193508,4.2227,8.6796,14.4462,2.5694,2.2001,3.7475
193509,5.0917,5.5331,0.5575,4.6757,0.6768,1.1198
193510,10.9064,10.8105,6.8068,6.6016,7.9769,6.0328
193511,6.6969,10.3850,18.9743,3.0389,5.6087,14.5739
193512,5.7713,10.1904,2.2152,2.9835,5.8064,8.6858
193601,10.3194,7.7731,22.3771,3.2881,9.5299,12.2406
193602,1.9010,6.5497,6.7824,1.9137,2.8060,7.1039
193603,0.5096,2.3088,0.8324,2.6378,0.0632,-1.0088
193604,-14.3931,-14.0147,-15.4640,-7.1563,-8.3505,-10.2494
193605,4.9011,5.6286,8.6767,5.0578,5.1107,6.5508
193606,-2.2080,-0.2832,-1.2498,3.6325,2.1402,0.2676
193607,10.6321,7.6218,9.4742,5.9190,6.1995,12.2012
193608,0.6464,2.2704,4.6150,0.2916,0.7816,4.3069
193609,2.2261,4.9643,4.4676,0.9227,1.0988,0.4333
193610,3.7136,6.4885,6.5107,6.4225,8.7962,8.6599
193611,10.8717,9.0679,13.0248,3.3927,3.1473,-0.5944
193612,2.0356,3.4140,7.0026,-1.8345,2.3561,1.1085
193701,7.1780,7.3432,9.7160,3.6451,1.3462,6.3247
193702,3.2757,1.6855,6.2355,-0.2192,0.8159,6.9216
193703,-3.0069,-0.0570,1.8986,-1.7373,-0.2096,6.1275
193704,-10.0890,-11.5677,-13.3505,-6.8235,-6.1092,-10.7778
193705,-0.3362,-0.9886,-4.1008,0.2432,-0.7186,-2.9798
193706,-7.2192,-7.7152,-10.3393,-4.1579,-2.7006,-7.4626
193707,10.9193,8.9913,10.7833,9.2027,7.9646,10.9736
193708,-4.6410,-5.0783,-5.5789,-4.2100,-4.5854,-7.7724
193709,-20.8237,-20.8254,-23.0520,-12.3496,-12.4049,-19.2657
193710,-10.7815,-10.2588,-9.7797,-10.1749,-7.5754,-14.4157
193711,-11.5268,-12.2952,-11.7113,-8.7393,-7.6937,-8.1625
193712,-14.1157,-10.5934,-12.2906,-4.1175,-2.8726,-6.7316
193801,4.9809,6.5079,3.7399,1.3091,-0.3348,-0.6467
193802,8.4291,5.6035,4.7735,6.3853,5.3825,5.9950
193803,-29.9158,-28.9745,-30.1419,-23.5181,-22.4597,-30.3243
193804,22.0838,20.7285,20.3970,13.8077,14.4371,15.8488
193805,-7.4715,-7.6475,-5.5424,-3.5564,-3.6497,-6.0495
193806,31.2478,30.0194,27.5574,25.7265,20.9273,30.0253
193807,13.4374,14.4896,15.3633,6.7918,7.3085,9.2224
193808,-4.5933,-5.1113,-9.2856,-0.4320,-6.0670,-5.1808
193809,-1.8834,-2.5023,-2.7862,1.3600,0.6107,-0.9710
193810,14.1329,14.7573,16.9041,6.9259,7.2132,14.1797
193811,-5.1969,-2.6663,-5.9225,-1.1168,-2.1445,-2.8592
193812,6.0349,3.7143,1.5522,3.3787,4.4694,8.8637
193901,-8.0596,-8.9052,-10.1457,-5.2583,-6.1505,-11.0166
193902,3.9273,5.0675,6.2899,3.3494,3.1479,6.8947
193903,-17.7969,-18.4864,-22.8516,-9.8437,-13.6458,-21.3665
193904,-0.4922,0.1285,1.9743,-0.1355,-0.0485,-3.1968
193905,11.2969,9.0561,9.8655,6.8972,5.6072,9.2768
193906,-6.8167,-7.9144,-10.6753,-4.4207,-6.5532,-11.3783
193907,16.1292,16.6985,13.6444,11.3137,8.4488,13.7364
193908,-12.3681,-11.9915,-12.6100,-6.3090,-5.9193,-10.9033
193909,37.6978,39.2998,54.9528,13.5797,16.9053,40.7710
193910,0.4561,-0.5783,-5.0048,0.0280,-0.8229,-4.2992
193911,-7.8325,-9.3925,-13.8140,-2.6176,-3.6667,-9.5542
193912,5.9303,3.0379,0.3533,3.5574,2.3632,1.0169
194001,-4.1988,-2.1344,-2.7571,-2.1568,-2.4994,-5.1435
194002,4.0588,4.3883,3.1703,1.2492,1.3450,1.4890
194003,4.6939,2.8608,2.2719,2.3725,1.4575,2.2556
194004,4.7401,3.1906,4.0938,-0.1263,0.1167,0.2697
194005,-27.7724,-27.4400,-32.4414,-22.0718,-20.8034,-24.7879
194006,4.4242,5.0042,7.9865,4.9455,8.2385,10.6339
194007,4.7170,4.7178,3.3227,3.3873,3.0418,3.2990
194008,2.0524,3.1824,1.8886,2.1928,1.7831,3.4847
194009,5.3698,4.5125,5.2039,3.1522,1.2100,1.0582
194010,4.2145,5.6715,6.2944,0.8953,6.3562,8.0971
194011,1.1473,0.5385,0.1738,-1.9212,-1.3367,-0.7062
194012,-0.8918,-1.4655,-2.2785,0.5934,1.0170,0.1971
194101,-4.4429,-2.6498,-0.3066,-5.0365,-3.8489,-1.5198
194102,-3.4695,-1.8055,-2.8879,-1.5847,-1.4892,-0.3890
194103,0.5236,1.1300,3.7745,0.5444,1.2120,3.3780
194104,-7.5563,-5.4015,-5.2001,-6.4970,-4.5637,-2.0350
194105,1.7628,0.6670,1.5458,0.9481,2.6345,2.3634
194106,4.1184,6.1938,8.4600,6.1753,5.6174,3.0109
194107,10.4387,10.1575,18.5406,3.7262,8.1838,10.1236
194108,-1.1591,-2.1235,-0.3954,0.6862,-0.8566,-2.2697
194109,-3.0405,-1.8377,-1.9489,-0.0105,-2.1937,-1.6652
194110,-5.8203,-6.2690,-6.0101,-6.0976,-3.2927,-2.6528
194111,-1.0629,-4.1846,-2.9210,-2.2704,-0.5645,-1.6913
194112,-5.4399,-8.4826,-12.6548,-4.6824,-3.5964,-9.3443
194201,6.7111,10.7165,14.4866,-1.7916,0.5050,10.6422
194202,0.5247,-1.1030,-1.7045,-2.3068,-2.7966,-2.3449
194203,-4.7636,-3.6606,-5.7196,-5.8300,-7.5457,-6.1045
194204,-6.1855,-3.8173,-3.7407,-4.5876,-4.4955,-2.8527
194205,0.1524,2.0704,1.6500,7.4477,4.9379,0.6445
194206,1.0092,1.4019,2.3613,3.0527,2.6059,2.7837
194207,5.1680,3.7718,5.1232,2.6864,4.3154,7.5371
194208,2.2429,2.5860,2.4943,1.7161,1.7422,4.1208
194209,2.1868,2.8551,5.9863,2.6162,2.8245,3.6029
194210,8.2910,7.9106,14.4969,5.3109,7.8747,12.0528
194211,-1.0955,-2.4747,-4.0858,1.0982,0.2502,-4.3893
194212,2.6024,4.0841,2.6297,4.8847,5.9162,5.9799
194301,11.6914,13.9214,23.8088,5.3474,8.0235,9.6978
194302,10.8494,9.1945,17.4820,4.8117,7.0044,11.1942
194303,10.9334,11.5343,14.9621,4.1328,7.1380,11.0704
194304,-0.9484,2.6106,8.1616,-0.1040,1.2483,2.5081
194305,8.8391,8.9676,13.2925,5.0198,5.7231,7.1270
194306,-0.2795,0.8217,0.4097,2.1659,1.9685,-0.0012
194307,-5.1729,-6.7858,-9.0860,-4.7620,-3.6714,-5.3886
194308,0.3627,0.0733,0.7239,1.5011,1.3117,0.2062
194309,2.9273,3.0298,5.4150,2.2046,2.7272,2.5854
194310,-0.6849,-0.3355,0.7697,-1.4472,-0.9474,0.3918
194311,-7.0489,-7.9578,-10.5793,-4.7611,-6.5838,-9.3114
194312,7.2026,10.6109,12.0572,5.6748,6.9257,7.2590
194401,5.0183,4.6781,5.2901,0.8180,1.6184,4.8802
194402,1.3611,0.9548,0.6569,0.0507,0.7854,2.4248
194403,1.9835,3.7072,7.6297,2.2076,2.5617,3.4133
194404,-1.9626,-2.8671,-4.0621,-1.3972,-1.8771,-1.5629
194405,5.8169,7.2671,7.0046,4.6061,5.0192,5.4650
194406,9.3452,9.7095,10.5417,4.9431,5.1501,7.3842
194407,0.1974,-1.0199,-1.4868,-1.6579,-1.4787,-0.8375
194408,4.9453,4.1492,1.8964,1.3605,1.2556,1.1460
194409,1.5739,-0.0764,-0.2658,0.3319,-0.2562,-0.2435
194410,0.1925,0.5534,-0.4692,-0.0654,0.8407,-0.0829
194411,1.0753,2.9197,3.6861,1.1612,2.2483,3.1649
194412,5.9661,6.8664,10.5870,2.4976,4.5123,9.6992
194501,5.3378,5.0768,4.1080,0.7604,3.0390,3.4172
194502,6.5845,8.8305,10.5414,5.1483,6.1444,9.9868
194503,-4.3743,-6.3271,-6.4097,-3.1965,-4.3701,-4.7147
194504,7.5978,9.0869,9.9162,6.7601,8.0276,10.8652
194505,2.7782,2.1567,4.0593,2.0098,1.0423,1.4259
194506,2.9165,2.5527,6.8414,-1.2111,0.7163,3.4995
194507,-3.1033,-3.5458,-5.4558,-1.4266,-1.8157,-4.4955
194508,7.7684,7.8428,4.8892,8.5886,4.3999,2.6718
194509,6.6474,6.7318,6.4407,4.5548,4.3974,5.7272
194510,6.0725,6.7019,7.4502,2.3629,4.9911,5.4804
194511,9.3211,9.7416,11.4999,2.8819,5.8159,9.3753
194512,4.0530,3.1126,1.6395,1.7707,1.1410,-0.4562
194601,9.6675,8.8766,12.3615,6.0984,4.9235,7.8274
194602,-6.2438,-6.8294,-7.2913,-5.8802,-4.9458,-7.3631
194603,6.5074,5.9349,5.8051,5.1627,7.0190,5.1451
194604,4.3802,7.9286,6.3856,3.7606,5.1600,2.6517
194605,6.7336,5.0297,5.7605,3.1851,3.6102,6.3451
194606,-4.5703,-5.2031,-5.9975,-4.4139,-2.6157,-4.1636
194607,-4.8021,-3.8418,-5.0475,-2.7312,-2.3686,-2.3991
194608,-8.4903,-8.2229,-7.3701,-6.3175,-6.1952,-6.2326
194609,-13.9626,-13.4864,-15.8473,-9.8007,-8.4219,-11.8313
194610,-3.1863,-1.0714,0.7462,-2.4870,-1.7639,0.4636
194611,-1.5734,-0.6742,1.4102,-0.2213,0.7452,-0.1651
194612,5.7147,4.6134,4.2871,5.2950,5.1954,3.9577
194701,4.5119,2.4272,3.2500,2.1808,-0.5027,1.9774
194702,-1.2774,-0.6043,0.8617,0.0696,-1.3350,-1.7800
194703,-3.3525,-3.4273,-2.3881,-1.7956,-1.0035,-1.5387
194704,-9.3469,-7.9219,-8.1055,-5.1369,-3.6659,-4.6734
194705,-5.2184,-3.9661,-3.5986,-1.1266,0.1874,-2.0744
194706,4.2906,5.3287,5.0072,6.4552,4.5626,4.5303
194707,5.2344,6.3337,7.0612,3.5118,3.4853,7.3342
194708,-1.8585,-1.5408,-1.2065,-1.8587,-1.4560,-2.1997
194709,0.4098,0.3595,2.6319,-0.6744,-0.6558,-0.1814
194710,3.5397,3.3029,2.9234,2.2304,2.9955,3.0043
194711,-4.4555,-3.4527,-2.6395,-2.0816,-1.4791,-1.7796
194712,0.1759,1.3771,3.0234,2.0173,3.4628,6.5408
194801,-1.7489,-2.4805,-0.1999,-4.5390,-4.0364,-3.3360
194802,-5.9905,-6.3838,-5.7986,-4.6491,-3.6881,-4.6973
194803,6.4133,8.3056,12.2128,7.8154,7.7196,11.0026
194804,1.2935,2.8029,4.6743,2.2742,4.3656,7.0963
194805,9.3433,8.7069,7.5463,8.5050,6.4626,7.8323
194806,-2.8594,-1.6291,0.3235,-0.6228,0.3282,1.7011
194807,-4.9617,-5.1990,-5.4746,-5.0109,-5.3100,-4.3526
194808,-1.1762,-0.5161,-0.3462,0.8770,-0.2112,0.5907
194809,-2.9256,-4.1617,-5.5034,-2.7272,-2.4449,-3.7260
194810,4.0923,4.5769,5.3778,6.4318,5.8480,6.2724
194811,-9.7016,-9.6855,-12.9406,-8.3439,-8.7315,-13.3862
194812,1.4144,-0.0020,0.1689,4.9312,2.7612,2.2947
194901,1.4055,1.8478,2.9763,0.5644,-1.0823,1.3304
194902,-5.3414,-3.9655,-5.6091,-2.4792,-2.7256,-4.0374
194903,6.3287,5.6055,8.1847,4.2292,3.4034,5.0451
194904,-1.5605,-3.0823,-3.3730,-2.0760,-0.6601,-2.6169
194905,-3.7284,-3.7213,-5.1127,-1.8599,-3.0887,-5.3144
194906,-1.1659,-1.4535,-1.1270,1.1072,0.2508,-2.4522
194907,6.5290,7.2103,5.7449,5.2494,5.7478,6.7915
194908,3.2548,3.5448,1.9586,2.7137,2.7811,2.8620
194909,5.4113,4.1798,4.1709,2.6493,3.6207,4.3525
194910,5.0893,3.4831,4.0997,3.2624,3.0556,3.2734
194911,0.5242,1.0058,0.2095,2.9284,0.1852,1.4257
194912,6.9616,6.5348,8.8020,5.3306,3.7726,6.9904
195001,7.2511,4.6563,4.6919,0.8585,1.9650,3.6955
195002,1.6732,1.9791,0.5671,1.5803,1.4615,1.0693
195003,2.4400,-1.1095,-1.9436,1.9199,0.9328,0.7730
195004,5.7935,5.3590,7.5034,4.3512,3.0117,5.3266
195005,1.6064,2.7917,3.0290,4.6373,5.0171,4.1250
195006,-7.0224,-7.8610,-9.0471,-5.4526,-6.3491,-4.9919
195007,0.7491,3.3806,11.5039,-3.4686,4.4656,13.1049
195008,4.3762,5.5535,5.0765,6.0983,4.1287,2.5766
195009,5.9972,4.9030,4.9761,5.7662,3.8296,4.5636
195010,-0.4563,-0.2294,0.2589,-0.1731,-0.4988,1.9896
195011,0.4057,2.1228,4.9531,2.4005,3.4012,4.2022
195012,5.2259,7.3714,12.4531,3.3438,6.6440,10.5826
195101,6.7204,7.0302,10.6668,5.1644,5.4079,8.6660
195102,1.6335,1.3210,-0.1712,2.2461,1.8718,-1.6099
195103,-1.4182,-3.2662,-5.6058,-0.7151,-2.6881,-4.9732
195104,2.2415,3.7348,6.4365,4.4184,5.6719,6.7777
195105,-1.8424,-2.5864,-3.2891,-2.3381,-1.8128,-3.5496
195106,-3.9063,-4.7824,-7.2220,-2.1935,-1.0689,-6.7884
195107,5.3968,5.0818,6.7219,6.7092,7.0462,9.4123
195108,6.0032,5.3969,5.0122,4.2254,4.3140,4.8953
195109,2.4131,2.8739,2.8222,0.5824,0.4419,1.3859
195110,-2.0973,-1.6187,-3.3221,-3.7961,-0.5023,-2.0648
195111,0.4606,0.4555,0.4007,0.7793,0.6769,0.7349
195112,1.1372,0.9709,0.6425,4.2594,3.5966,1.6318
195201,1.6770,1.7973,1.4141,0.4221,2.5370,3.7600
195202,-2.0750,-1.9713,-2.0061,-2.1727,-2.7975,-3.4548
195203,1.2718,2.2724,3.3251,4.3715,4.8318,6.6406
195204,-4.7336,-4.8330,-4.0790,-4.6523,-4.9291,-5.5111
195205,2.2358,2.0772,2.7274,3.7866,2.8403,3.4469
195206,1.6752,2.8792,3.3712,3.9014,4.1851,4.6737
195207,0.9861,1.5705,-0.1674,1.2227,0.6861,1.6737
195208,0.0584,0.9596,0.2980,-0.7849,-0.4804,-0.9621
195209,0.2123,-0.8012,-2.1130,-1.7031,-2.0601,-2.4003
195210,-0.7348,-1.5835,-1.9727,-0.7510,0.0366,-0.4033
195211,5.5491,5.5213,6.0587,6.2710,5.3358,7.6560
195212,1.9131,1.8031,1.7229,3.1414,3.0318,3.6987
195301,3.7496,3.5242,3.9189,-0.9142,-0.1800,1.5516
195302,1.3326,2.2121,1.7526,-0.2182,-0.1445,-0.7977
195303,-1.7215,-1.6985,-1.9871,-1.2095,-1.0692,-2.5482
195304,-3.0729,-2.3131,-1.1289,-2.9715,-2.5496,-1.8486
195305,0.7245,0.8933,0.7138,0.8911,0.2869,1.3568
195306,-3.1827,-3.3052,-3.9909,-1.7040,-1.3419,-1.8403
195307,0.8453,1.5192,1.4670,2.9808,2.1198,1.8822
195308,-3.2235,-5.2969,-6.2762,-3.9736,-3.9032,-7.9956
195309,0.0232,-0.8461,-2.2737,0.9017,0.1896,-1.6494
195310,3.1405,3.6649,3.1679,5.0809,4.3285,4.6761
195311,1.5491,2.1501,1.2769,3.3482,2.2335,3.2742
195312,0.2669,-1.2682,-2.7399,0.5240,0.3828,-2.1409
195401,4.6432,6.6199,8.2448,4.4640,5.7804,7.8823
195402,1.1241,1.4999,1.4449,1.6520,2.1558,0.7654
195403,2.6496,3.1207,2.2530,4.2435,3.5210,1.7181
195404,-0.2621,2.2954,0.2924,5.3046,3.4583,4.0025
195405,3.9459,4.2430,5.0890,2.8609,2.6157,6.6409
195406,0.6134,1.8005,1.3882,1.8437,-0.2779,1.0149
195407,5.6218,6.8841,9.1482,4.2998,5.1373,8.9941
195408,-0.1856,0.1527,-0.8939,-2.9880,-0.9406,-4.9917
195409,2.9651,4.6427,4.6903,6.8640,6.5975,6.4643
195410,0.5176,-0.9766,-0.7021,-2.3168,-0.9434,0.3434
195411,7.1520,8.9393,9.6041,9.5331,8.2280,15.7986
195412,7.4322,9.4969,11.4013,4.2878,5.8641,11.7440
195501,1.5391,1.2475,2.3863,0.0436,0.8255,3.5499
195502,3.7655,5.4680,4.6434,3.0406,2.8022,3.4022
195503,-0.6883,-0.3100,0.6912,-0.3103,-0.2239,2.2127
195504,1.3409,1.1755,2.6318,4.0984,1.9877,4.4324
195505,0.4377,0.5432,0.4034,1.8837,0.1816,0.1997
195506,2.0458,3.3877,3.5417,6.4912,7.5837,8.8422
195507,-1.6321,1.0639,1.2886,2.0484,2.3535,0.3960
195508,-0.0701,0.6073,0.2604,0.6158,-0.1256,1.4474
195509,-0.7222,-0.4771,-0.3494,0.2022,-0.3596,-2.2990
195510,-1.4384,-0.7646,-1.2878,-3.0771,-1.6215,-3.2838
195511,5.9972,4.8247,5.2592,7.9765,5.7665,9.7196
195512,3.4725,2.2830,2.5679,1.8819,1.8956,-1.7027
195601,-2.3277,-2.0570,-1.7159,-3.9857,-1.0901,-2.3554
195602,1.9377,3.7928,2.3765,4.9675,2.8024,3.4600
195603,3.4322,3.7970,5.1193,7.1708,7.2269,5.1985
195604,1.2824,0.8747,0.0813,-0.0305,1.2484,0.8141
195605,-3.3980,-4.0860,-4.5033,-5.0792,-4.7875,-6.6250
195606,1.0128,2.5388,1.3061,4.6805,2.8127,1.7512
195607,3.3192,3.4450,3.4709,5.0813,5.2899,4.9070
195608,-0.2772,-0.8966,-2.1225,-3.5350,-2.3342,-3.1159
195609,-3.4053,-3.0209,-2.1173,-5.9615,-3.5961,-3.6791
195610,1.2018,0.9185,0.4126,0.6794,0.7750,1.3387
195611,-0.3204,0.1660,2.2384,-0.3947,2.5395,0.5981
195612,4.2833,2.0989,2.2215,3.8074,3.2364,1.6631
195701,-0.7459,0.0749,2.0432,-4.4566,-2.6707,-1.6917
195702,-2.8169,-3.2279,-2.7239,-1.5292,-2.0047,-3.0890
195703,2.2172,2.5911,2.2743,2.7155,1.8354,1.7155
195704,2.2968,2.2960,2.2443,5.6045,3.4147,2.6300
195705,2.9271,1.2980,1.7322,4.7486,2.5697,1.8409
195706,0.1116,-1.2432,0.7449,-0.1110,-1.2001,-0.7262
195707,-0.5345,0.7319,0.4256,1.2803,0.5342,1.0881
195708,-4.9039,-4.4153,-5.1912,-5.4517,-3.1891,-6.0630
195709,-7.0771,-4.9302,-5.0458,-6.3250,-4.3555,-6.6024
195710,-8.1138,-5.6345,-8.2617,-3.7728,-3.4032,-7.2883
195711,3.2323,1.4361,1.0946,3.0982,2.0285,-0.5590
195712,-4.4673,-4.6599,-5.8678,-3.9186,-2.3392,-5.9393
195801,12.1840,10.4901,11.9178,3.3988,5.9843,12.1209
195802,-1.6409,-0.4997,-0.5017,-1.8004,-0.5695,-2.3851
195803,4.9512,3.8250,3.1135,3.4069,3.1886,3.3993
195804,3.2940,1.6605,4.3224,3.3302,2.4877,5.2255
195805,6.5413,4.2205,4.2645,2.0659,2.6022,3.6454
195806,1.9492,3.2632,2.9910,3.1437,2.6668,3.1105
195807,4.2225,6.1285,7.1023,4.3871,3.9134,7.7540
195808,4.3607,3.0804,3.1630,1.7080,1.8455,3.4895
195809,5.5095,4.2658,7.9695,4.7570,4.3192,8.2199
195810,6.9533,2.7921,3.0842,2.6262,2.6727,4.1313
195811,7.6838,4.2526,4.0505,3.3542,2.0619,4.4024
195812,2.7553,3.2521,3.6679,4.9756,6.9411,3.9724
195901,4.4697,5.1334,5.6771,-0.6158,2.7092,4.1380
195902,2.4168,3.6714,2.7746,0.5272,1.5810,2.2787
195903,1.6090,1.6707,1.7135,0.7203,-0.0773,-0.0928
195904,3.7910,3.4590,2.1625,4.7349,2.5128,3.9197
195905,-1.3958,0.4750,1.4250,2.7259,0.5962,3.6467
195906,1.7254,0.5485,1.8798,-0.3719,0.3356,2.1421
195907,2.1228,2.8442,3.5502,3.9908,2.3925,3.0828
195908,-1.8980,-1.2025,-1.9806,-1.3549,-1.0047,-0.3839
195909,-5.4083,-4.5039,-3.9712,-5.0254,-3.2634,-5.3237
195910,3.8970,2.6068,1.1057,1.4464,1.7512,0.1319
195911,3.8864,2.0348,0.5301,3.0126,-0.1020,-0.1725
195912,3.3400,2.4239,2.0885,2.9781,2.5116,4.1600
196001,-5.7876,-3.1988,-2.9368,-8.2071,-4.3931,-5.5931
196002,2.0772,1.4530,0.5015,1.3139,2.2903,-1.0929
196003,-2.3385,-2.4016,-3.8293,-0.8789,-1.0768,-5.0967
196004,0.0545,-2.1162,-2.9614,-1.5721,-1.3525,-3.0143
196005,5.3034,1.8239,2.3730,4.3100,1.8242,-0.2716
196006,2.3479,2.6483,1.4320,2.5669,1.7271,2.7993
196007,-3.3246,-1.8516,-1.4532,-3.4769,-0.2827,-1.3290
196008,4.1101,3.5214,4.2069,2.7378,4.1493,2.3076
196009,-7.6655,-5.8297,-6.0948,-6.7352,-4.3666,-5.1993
196010,-6.5693,-2.3666,-2.7766,-0.6140,-0.0299,0.9197
196011,6.6079,4.9761,3.0027,5.4248,3.9959,3.9824
196012,4.0666,3.4545,2.3983,3.5644,7.3778,3.7117
196101,7.3358,7.7905,9.6010,4.9162,7.7785,10.0509
196102,7.9519,6.3176,7.3937,4.0441,2.5629,3.1311
196103,7.4667,4.8770,5.9239,2.1715,4.0899,2.0627
196104,0.9516,0.3125,2.2898,-0.3161,1.1197,2.5359
196105,3.6530,4.9782,4.8474,3.1987,1.4801,2.7989
196106,-5.7687,-4.5223,-5.5077,-2.2745,-3.2166,-2.9471
196107,-0.5142,1.3358,1.2938,3.1445,3.5134,1.1069
196108,0.7691,0.3616,1.1057,3.2081,1.9707,2.3178
196109,-4.6924,-3.2101,-3.2320,-1.1548,-3.0377,-3.7848
196110,0.8745,3.3392,0.2674,2.2909,3.8910,3.1343
196111,6.5024,5.7320,4.7471,4.8606,4.1548,4.2425
196112,-1.2784,0.2990,0.3744,-0.2203,0.3277,1.7876
196201,-2.6050,-0.8195,2.2124,-4.9993,-1.9262,0.3601
196202,0.7054,0.7375,1.7911,1.8737,2.3478,2.4867
196203,0.4216,-1.0320,-0.6306,-0.3647,-0.2974,-2.1742
196204,-6.3111,-7.3386,-6.7763,-6.6430,-5.6152,-6.1186
196205,-12.2520,-10.3166,-9.5466,-9.0686,-6.8229,-6.2218
196206,-9.7765,-7.4773,-7.0701,-9.0138,-6.9476,-6.6481
196207,8.9430,5.8350,6.5411,8.0744,5.1904,3.5891
196208,4.5675,3.4810,2.4746,2.7386,1.6589,2.4451
196209,-8.0572,-7.0728,-6.2278,-5.0353,-4.6285,-4.4030
196210,-4.9603,-3.2299,-2.0814,0.6094,0.6967,0.3193
196211,14.9374,13.5932,14.4039,11.2849,9.9807,13.8453
196212,-3.5883,-1.4287,-2.1811,1.5422,1.8405,0.8045
196301,7.6553,8.1280,9.8682,4.9136,4.3410,7.2202
196302,-2.5588,-1.5295,0.0121,-2.7989,-1.8255,-0.9463
196303,-0.0316,1.7036,2.4004,3.4170,3.3436,5.1776
196304,3.6602,2.8025,4.8650,4.9405,4.5555,5.7538
196305,1.8071,3.2564,5.4192,2.2813,1.1592,3.6726
196306,-1.2773,-1.9678,-1.7384,-2.3200,-1.4621,-0.4515
196307,-1.0767,-0.6144,-1.1591,-0.0296,0.4589,-1.5991
196308,4.4504,4.4668,5.7608,5.3950,4.6761,7.4206
196309,-3.0660,-0.5101,-1.9386,-1.0517,-1.7246,-1.8235
196310,1.1626,1.7315,2.6987,3.8542,1.2362,2.1259
196311,-2.8652,-1.2746,-0.3295,-0.2497,-1.4575,0.6373
196312,0.3544,0.5127,0.2484,2.0501,3.0598,1.9155
196401,0.7691,2.6368,4.0264,2.6907,2.7024,2.6105
196402,1.5849,2.1200,4.1780,1.4245,1.6629,4.4839
196403,0.6106,4.0460,5.2302,0.9294,3.0484,2.9478
196404,-1.6960,-0.3104,-1.4658,0.4271,1.1275,-0.9031
196405,0.9210,1.1138,2.1592,1.5312,1.1238,4.2462
196406,1.3077,1.3056,1.9618,1.6733,1.2985,2.3789
196407,1.6021,3.0143,2.6539,1.9088,2.3082,2.2219
196408,-1.4740,-0.4016,-1.2188,-1.2258,-0.8570,-1.2942
196409,3.4727,2.8204,3.6027,2.3409,3.5645,5.5135
196410,1.0465,1.3291,2.3046,0.2888,1.7737,1.3198
196411,-0.0863,-0.3837,0.0880,0.4916,0.9448,-3.6472
196412,0.3977,-0.8454,-1.5397,1.1309,-0.2962,-2.0315
196501,6.9475,5.9477,6.6221,3.9418,2.8474,4.6225
196502,3.6236,3.4598,4.3283,0.5735,0.0928,0.3012
196503,0.8872,0.6062,1.5148,-1.1577,-1.6025,0.3921
196504,2.9680,4.4576,5.3440,3.8153,2.4893,2.8686
196505,-0.0573,-0.9088,-1.3402,-0.2649,0.0594,-2.2340
196506,-9.9225,-8.8225,-8.5942,-4.5547,-4.9546,-4.7754
196507,2.5221,3.0984,4.0875,1.3266,1.6424,4.1297
196508,6.5969,5.0218,5.0927,2.9255,2.8374,2.5040
196509,3.8169,3.8350,3.8155,3.7793,2.2599,3.5859
196510,5.9410,5.4618,6.3147,2.8273,1.9529,5.4895
196511,3.9838,4.8801,4.7090,0.0038,-0.1647,-0.2972
196512,3.9448,3.4843,4.6346,0.8566,0.8886,4.0673
196601,4.4139,5.6319,6.9139,-0.2141,1.2296,4.2690
196602,3.9304,3.1378,3.4968,-1.6261,-0.7942,-0.6484
196603,-0.3617,-2.9833,-2.0440,-1.5456,-2.6555,-4.0093
196604,5.7684,4.8120,5.5394,2.4074,1.8058,1.5507
196605,-10.0901,-9.9720,-10.3267,-4.1864,-5.0644,-7.0464
196606,0.8245,0.0327,-0.0180,-1.9868,-0.0941,-0.1531
196607,-2.2479,-1.6982,-0.7616,-1.6055,-0.5971,-1.1716
196608,-11.1089,-9.8053,-10.4275,-7.6603,-6.5901,-7.4089
196609,-2.0166,-0.9818,-1.4724,-0.9884,0.1878,-0.4714
196610,-3.8942,-0.1513,-0.1398,3.2486,7.2565,5.2380
196611,7.3443,4.6505,2.7697,3.7425,-1.0338,-0.6045
196612,3.3302,2.8074,0.4998,-0.3714,1.4002,0.0280
196701,17.7036,16.3416,17.6427,7.9254,6.3614,12.4342
196702,4.6363,2.8555,3.2627,2.0210,-0.3606,-0.9366
196703,5.7965,6.4863,5.6839,4.2874,3.7584,5.0196
196704,5.6730,3.9228,3.2145,5.9880,1.7954,3.1624
196705,-1.5403,-1.0219,-2.4810,-4.9868,-3.5473,-2.4474
196706,9.3948,8.1244,8.3313,1.4421,2.0930,4.4288
196707,7.2251,7.4868,10.1738,4.9121,3.4756,7.2623
196708,-0.4491,0.7781,0.5799,-0.7537,-0.9064,1.1468
196709,6.8645,5.2991,4.6936,3.8105,2.6884,1.0512
196710,-0.7750,-2.2939,-3.4817,-1.4883,-3.7601,-5.5554
196711,1.2919,1.3678,-0.8518,1.0932,0.2879,-0.1845
196712,10.8886,7.5066,8.2250,2.1521,3.2351,4.0351
196801,-1.3974,0.8374,3.4052,-6.1768,-1.2258,-1.4761
196802,-7.4189,-5.0727,-5.0863,-3.3154,-2.0978,-3.3147
196803,-0.7819,-1.0710,-0.5118,1.8301,-0.7213,0.3795
196804,17.1586,14.3274,13.3321,10.2278,5.3845,12.0029
196805,9.7871,8.2643,8.8946,2.4655,0.1459,5.0388
196806,-0.1855,1.4543,1.4645,-0.0150,3.5863,-0.3276
196807,-5.7982,-2.2761,0.2182,-4.5176,0.1274,0.4299
196808,3.9485,3.3569,4.7053,1.1686,1.4001,2.4167
196809,7.3841,6.8764,6.4221,3.3422,4.2753,4.7739
196810,-0.6299,2.1714,1.3403,-0.5914,1.6552,3.2262
196811,8.5364,8.2650,6.7724,5.4941,5.5629,5.4521
196812,0.2757,-0.4841,-1.0730,-4.8101,-3.3509,-3.4288
196901,-1.7789,-1.0602,-0.7044,-1.8313,0.1474,0.4821
196902,-10.3925,-8.1010,-7.4991,-3.9436,-5.3516,-5.0268
196903,3.0537,2.2436,3.1935,3.8966,2.5093,2.8456
196904,0.8203,1.8446,1.2224,3.2362,0.3857,2.9017
196905,-0.2714,0.7620,0.1252,-0.1556,0.6790,0.9003
196906,-12.2187,-11.1331,-10.9849,-3.4300,-7.9065,-6.8363
196907,-11.3026,-9.4389,-7.2856,-4.8298,-7.5570,-6.0112
196908,7.3570,5.4702,3.7053,6.7044,4.3802,2.6219
196909,-0.5347,-2.0251,-2.7291,-0.5645,-3.5582,-4.7588
196910,11.0161,7.9530,7.0784,6.2372,4.5632,3.8048
196911,-5.5525,-5.1425,-6.4108,-2.1373,-3.8391,-3.5268
196912,-5.1027,-5.2096,-6.6615,0.1676,-1.8269,-4.3182
197001,-6.0739,-5.1124,-2.3747,-8.0621,-8.5096,-5.6797
197002,2.5807,3.5260,6.1994,3.6058,7.8464,8.0637
197003,-5.3086,-1.1075,0.1495,-1.9099,1.4691,1.1248
197004,-20.8578,-13.9240,-11.1768,-10.5894,-9.5480,-7.4793
197005,-11.4141,-10.5260,-7.9967,-7.9879,-4.1648,-4.2096
197006,-9.0246,-6.9387,-5.9592,-5.4299,-3.2738,-6.7480
197007,7.5523,6.8149,6.7478,5.1336,9.7531,7.8581
197008,6.2742,6.9832,6.5382,4.0866,5.2808,5.8817
197009,17.1459,10.7377,9.4198,7.2970,0.2911,3.8647
197010,-6.8605,-6.9430,-4.1102,-0.6478,-1.5815,-2.8510
197011,0.4297,1.9183,2.5194,5.1219,5.6812,6.2828
197012,7.9235,9.5759,9.3703,5.3396,6.7156,5.9034
197101,10.4467,12.9225,12.5917,4.7039,3.8331,5.3216
197102,4.6229,3.2484,2.4432,2.3722,0.3439,1.9660
197103,8.8671,5.1337,4.6809,5.9343,3.0810,2.0420
197104,3.0247,3.9258,3.3154,3.9834,2.6307,5.1298
197105,-4.2552,-5.3891,-5.1899,-2.7124,-4.2686,-4.5429
197106,0.6024,-1.7101,-2.2326,1.1439,-0.0968,-0.1411
197107,-6.8933,-4.3205,-5.8674,-4.1900,-3.5078,-4.8793
197108,4.3853,3.6604,6.7339,5.5580,1.1701,8.5457
197109,0.8277,-0.7481,-2.1948,0.3953,-1.2281,-2.5023
197110,-6.2445,-4.2824,-6.5968,-3.8639,-3.4777,-4.3757
197111,-2.8799,-2.2689,-4.1498,0.8825,-0.3936,-1.2416
197112,13.5568,11.0988,12.3224,9.0231,8.4432,9.5553
197201,9.2383,6.6521,10.6832,2.6754,0.3412,5.2069
197202,4.8719,3.0016,2.7706,4.4756,0.9957,1.0600
197203,1.5233,-0.1361,-0.5247,2.2045,-1.3314,0.7867
197204,0.3814,1.1608,0.4364,0.7131,0.1165,1.1135
197205,-1.7626,-1.2886,-2.7892,3.0172,0.8649,-1.3384
197206,-3.3187,-2.6575,-3.0901,-1.0233,-2.7660,-6.2808
197207,-5.2198,-3.0948,-2.0019,0.5624,-1.1176,-1.1041
197208,-0.9405,2.0534,2.5193,1.4261,7.1104,7.3516
197209,-3.4220,-2.7356,-3.1587,-0.4663,-1.0635,0.2188
197210,-2.6305,-0.1358,-1.0475,0.4937,2.2611,1.6510
197211,3.6455,5.7858,6.4208,2.9575,6.5148,9.7047
197212,-0.9300,-1.0968,-2.2476,2.6380,-0.7515,-0.5801
197301,-7.8476,-5.1105,-3.6972,-2.6196,-2.1676,-1.4141
197302,-11.1287,-7.7494,-5.8562,-2.9915,-4.9055,-4.8659
197303,-4.2459,-2.5579,-1.2531,-1.3204,0.4931,1.2416
197304,-11.6688,-5.3574,-5.0011,-6.1038,-2.5566,-1.3958
197305,-10.1280,-7.2301,-7.3329,-0.9326,-2.0738,-3.3133
197306,-5.4976,-2.8306,-2.6703,-0.9140,-0.3710,-0.8630
197307,18.2914,10.2043,8.9163,6.3868,2.1811,5.0707
197308,-3.9091,-5.2023,-4.1009,-3.3355,-2.9231,-0.8788
197309,10.8980,9.7455,8.4892,2.2270,9.0786,9.0159
197310,-2.5052,0.3199,0.9437,-0.1917,-0.2042,-0.1474
197311,-22.6707,-17.7377,-16.1699,-12.5411,-10.0508,-10.8631
197312,-2.3764,-2.2481,-1.3210,-1.3028,5.3946,5.8410
197401,7.5085,10.1644,13.8984,-1.1211,-1.0358,4.4528
197402,0.0293,0.4721,1.9402,-1.0888,1.2951,2.1103
197403,-0.3984,-0.6967,0.4517,-1.7974,-3.5090,-2.8631
197404,-6.3664,-5.9148,-3.5894,-3.5637,-5.9045,-4.2885
197405,-7.1463,-7.9869,-6.7472,-1.6056,-5.1256,-6.1535
197406,-3.2086,-2.4750,-1.2203,-2.0537,-1.7528,-2.4987
197407,-6.6183,-4.2468,-2.9919,-9.4335,-4.4055,-2.7839
197408,-9.4649,-7.9662,-7.4409,-10.0776,-5.6487,-7.1108
197409,-11.7615,-7.0497,-7.2908,-13.6776,-6.0660,-7.1702
197410,14.4350,7.6359,7.9434,21.3957,11.2576,7.9021
197411,-5.1426,-4.3475,-5.5043,-4.0321,-3.4626,-3.9813
197412,-7.1183,-5.5941,-7.7423,-3.2633,-0.0309,-2.6419
197501,24.4571,26.8220,30.5646,10.5497,16.9433,21.3261
197502,6.7129,3.1748,3.6833,8.1963,2.7863,2.1044
197503,7.6480,6.8648,8.3489,2.8911,1.5542,7.1649
197504,6.5169,3.3116,3.1667,5.6844,2.1014,6.8207
197505,10.2220,6.8458,6.8985,5.6654,5.8560,0.9491
197506,6.9680,7.4171,6.2531,4.3148,6.3601,7.6772
197507,-2.9685,-2.4299,-2.5431,-7.5105,-3.9437,-4.5430
197508,-4.6144,-4.2895,-6.6040,-2.2287,-1.6616,-2.0301
197509,-4.0093,-3.3391,-3.4522,-3.9223,-2.7077,-3.7902
197510,1.3640,3.3715,2.0126,6.5303,5.8059,6.4848
197511,1.3142,2.3981,3.8227,3.0317,3.5573,4.5056
197512,-1.6262,-0.2514,-0.8825,-1.8120,0.3770,0.9543
197601,14.9845,18.4817,24.6192,10.7949,14.5525,18.3284
197602,6.6658,7.3209,12.2569,-1.3305,1.8502,4.6350
197603,1.2523,1.5656,1.7553,2.8288,3.0117,2.2491
197604,-1.0214,-0.9442,-1.1126,-1.5931,0.2360,-1.6193
197605,-0.8726,-2.0117,-3.5793,-0.6070,-1.5940,-0.5348
197606,3.9351,3.6456,3.8793,4.4603,5.1791,5.8780
197607,-1.1176,0.6696,0.7795,-1.1998,0.2298,0.3881
197608,-3.4376,-1.3854,-1.2429,-0.3068,1.1819,-0.9139
197609,3.4820,2.5092,2.2073,2.1953,3.1184,2.8993
197610,-2.7203,-1.4410,-2.0804,-2.4670,-1.1839,-3.3552
197611,3.6256,3.2067,3.8731,-0.7377,2.4410,2.0466
197612,9.6023,9.5499,10.0460,4.7912,6.6248,8.7706
197701,0.8038,2.1876,3.2363,-6.3114,-1.5919,-0.2155
197702,-0.9563,-1.1973,0.0984,-1.8672,-1.5213,-1.9180
197703,0.2813,0.7437,0.1863,-1.6431,-0.6265,0.4974
197704,1.0662,1.2618,2.5754,-1.1132,2.0034,4.3186
197705,-0.7551,0.1126,0.7168,-1.7857,-0.0882,-1.5795
197706,7.4397,6.2113,6.9864,5.6696,3.7423,4.8443
197707,0.0455,0.0338,0.5661,-1.4759,-1.0434,-3.1819
197708,0.7371,-0.8350,-1.4813,0.3474,-3.4641,-3.0151
197709,1.6349,1.7709,0.6209,-0.6959,1.0353,-0.6663
197710,-3.8505,-2.0867,-1.5527,-4.3183,-3.8008,-3.1798
197711,8.2940,7.2947,8.1753,4.0251,3.8153,4.7651
197712,3.2436,1.4857,1.5477,0.2078,0.8742,1.1584
197801,-4.7046,-2.8126,-1.2119,-6.4232,-5.6667,-3.2906
197802,1.6027,2.5276,2.5275,-2.5376,0.3715,-1.9417
197803,6.4039,6.6466,7.0922,2.1851,3.6024,3.9046
197804,9.9589,7.5145,7.1372,11.0818,5.5243,6.8151
197805,7.1700,5.8447,5.7994,1.9358,1.1421,2.0681
197806,-0.9624,1.1017,0.3994,-1.3946,-1.5562,-1.5832
197807,7.0016,4.9649,5.7498,6.8952,4.1178,5.9198
197808,8.2441,8.1119,8.8244,3.5345,4.4215,2.0308
197809,-1.8571,-0.3482,-0.6221,-2.5675,0.9786,-0.0593
197810,-23.1233,-18.3641,-18.7261,-9.9048,-9.0857,-11.5816
197811,8.8805,5.0184,4.3790,2.9563,3.2587,3.0260
197812,3.0458,1.9197,1.9457,2.8736,0.7123,-0.4034
197901,8.5598,7.9012,9.5887,3.2404,5.0763,6.7450
197902,-3.4437,-2.2332,-1.9097,-3.7116,-2.3742,-2.8435
197903,11.6603,8.3317,8.4952,5.7099,5.6898,7.5316
197904,1.6512,2.9959,3.3129,0.1934,0.6016,0.6392
197905,-2.6615,-0.7591,-0.5288,-1.8315,-1.2756,-1.3339
197906,5.7200,5.9604,6.1145,3.0983,5.5274,5.6676
197907,2.0217,4.0730,3.0421,0.6137,1.7361,2.9978
197908,9.0758,7.3307,7.3741,6.7726,5.3925,5.3694
197909,0.7708,-1.0985,-1.0348,-0.8413,0.9916,-0.7686
197910,-9.2253,-10.5917,-11.3285,-6.6926,-6.1130,-8.3086
197911,10.9038,6.8485,6.8465,6.5428,5.7240,4.1018
197912,8.1159,5.2341,5.1436,2.9363,1.0965,1.9456
198001,7.8928,7.7621,8.4761,4.9028,6.3703,7.9211
198002,-0.4206,-2.8678,-2.7216,-3.1047,2.1306,0.4353
198003,-19.2997,-16.0687,-17.3152,-8.9436,-10.7644,-13.0539
198004,6.1274,6.4276,5.8736,3.7418,5.6677,6.1120
198005,8.0681,7.9115,8.0813,5.6751,5.4611,6.4500
198006,5.3345,4.3534,4.3043,3.1128,3.5063,2.3704
198007,13.3163,9.5813,7.2205,9.3329,5.2123,2.8301
198008,8.4819,4.9777,3.6366,2.1916,1.4040,1.7532
198009,5.2516,2.9636,0.8596,4.1613,3.2619,-1.0227
198010,5.8292,2.3662,3.0313,1.8337,2.8231,-0.8442
198011,12.6260,4.4264,2.5994,11.6348,13.4031,4.9575
198012,-5.3075,-1.8246,-1.3385,-2.1744,-4.6842,-0.7843
198101,-3.7772,0.7743,2.2624,-5.9945,-5.3780,1.6469
198102,-0.7007,2.3706,2.7830,2.8127,1.3039,1.2608
198103,7.6778,8.0099,7.6500,3.7998,3.6234,5.1683
198104,2.5543,3.5483,3.8603,-2.1826,-2.1376,1.0263
198105,4.9349,2.9544,1.6953,0.8466,-0.4771,3.2190
198106,-5.7354,0.7312,1.2991,-3.2283,2.0814,-0.0083
198107,-2.7609,-2.3668,-1.6447,1.3885,-0.5691,-1.0541
198108,-9.9997,-5.9071,-4.6918,-6.8185,-5.4809,-2.4474
198109,-10.2668,-6.5158,-4.8892,-6.3688,-5.9843,-1.3527
198110,10.4485,6.6838,5.7765,8.1493,3.9564,4.3999
198111,0.8821,4.9187,4.6107,4.0745,5.0811,4.1380
198112,-2.3553,-0.9592,-1.5020,-3.1208,-2.7162,-2.4951
198201,-4.8746,-3.2964,-0.8426,-1.8884,-3.6714,0.4261
198202,-7.4734,-3.0449,-0.7437,-7.4109,-3.3638,-1.9469
198203,-2.1889,-0.4372,1.4869,-1.9557,-0.5289,1.9291
198204,6.5308,5.6698,4.1286,5.7333,3.5043,2.5752
198205,-3.5650,-2.2729,-0.9554,-3.4707,-2.2853,-2.4530
198206,-3.5859,-1.6088,-1.3653,-2.5236,-1.1600,-1.6734
198207,-2.4082,-0.5488,-1.0310,-0.6230,-4.2005,-1.6914
198208,8.1378,8.9416,8.1275,11.0106,13.1756,13.3375
198209,2.6413,4.7454,5.2369,1.9353,2.0233,0.0156
198210,15.8928,13.2494,11.6019,12.7782,11.2019,9.7019
198211,10.0172,8.4214,9.2281,7.0833,2.3148,3.9510
198212,1.2965,1.2064,0.8462,1.1378,1.1486,1.6081
198301,9.7137,5.4516,4.9172,2.8091,3.3000,5.8827
198302,4.2884,6.5793,7.0656,3.6547,2.3661,2.2079
198303,2.6531,6.3564,6.2707,2.4811,4.4898,3.0030
198304,7.8405,7.9869,7.6335,5.7223,9.0259,7.1225
198305,7.9419,5.3743,5.0301,-0.1798,0.1228,-0.0676
198306,5.6345,4.4152,2.3964,5.2791,3.6630,0.7814
198307,-5.8392,-0.0614,1.2931,-5.1950,-2.7042,-1.0861
198308,-4.8093,-2.8243,-0.3277,-1.3215,0.9676,5.2949
198309,0.0867,2.4997,3.9947,2.5816,1.4622,0.8504
198310,-9.0334,-4.3934,-2.1910,-3.5868,-0.9153,-0.3044
198311,4.7124,4.1960,4.3882,2.8141,2.4615,1.9064
198312,-3.1510,-0.4472,0.2001,-0.6756,-1.1446,-0.6935
198401,-4.2250,-0.2650,2.0876,-5.3208,0.5829,3.6219
198402,-6.9781,-4.9931,-3.5543,-4.7417,-4.2066,-1.4438
198403,0.1629,1.3451,2.2875,1.5738,1.5919,0.4112
198404,-1.2481,0.0846,-0.0154,0.4552,0.1732,1.8025
198405,-5.9813,-4.7858,-4.3905,-4.8086,-4.5694,-5.8792
198406,4.5325,2.0832,1.0757,4.4116,1.5686,2.6595
198407,-5.5765,-2.9884,-3.2625,-0.9827,-1.8896,-2.3216
198408,13.3793,10.3036,9.5312,11.2876,11.2440,11.4395
198409,-2.7142,1.4458,2.3052,-2.4075,-0.3792,3.2179
198410,-2.2337,-0.3044,0.0415,0.7655,0.8340,-0.4944
198411,-4.5448,-0.2778,0.3844,-2.2368,-1.3260,0.9882
198412,2.0360,1.6602,2.1318,2.6674,2.7077,2.2387
198501,15.0154,9.9733,8.6802,10.1192,8.1280,5.6020
198502,2.9272,2.8490,1.7336,1.3026,1.6663,2.2489
198503,-3.2921,-1.2181,1.3999,-1.2762,-0.6107,2.2218
198504,-2.0402,0.1336,1.6356,-1.8521,-0.7741,1.9298
198505,4.2419,4.0696,3.2688,5.9749,7.1384,5.2195
198506,1.4058,2.5582,2.2784,1.5369,1.8626,1.4683
198507,2.7105,2.4994,1.1312,0.2126,-0.9607,-1.4640
198508,-2.0378,0.0605,0.1766,-1.5269,-0.0734,0.8140
198509,-7.2743,-4.2806,-4.1289,-3.8583,-2.7046,-4.3690
198510,3.1995,3.7096,3.2546,3.9992,5.3790,5.5046
198511,7.7531,7.0068,6.3281,9.0686,6.5907,4.7537
198512,4.9465,4.1430,3.2439,5.7711,3.6346,4.4105
198601,2.3125,1.4855,2.6028,0.7790,0.4019,1.5509
198602,7.3552,7.2573,6.5835,8.0070,8.2425,6.8935
198603,4.2271,5.3835,5.2203,6.2192,5.8188,4.3490
198604,2.2568,1.2876,0.4272,0.5443,-1.7868,-3.3177
198605,3.3599,5.2519,3.4915,5.4421,5.5245,5.0818
198606,-0.0621,0.9313,1.9782,1.8289,1.1621,2.5858
198607,-10.6930,-8.7915,-5.6846,-7.2029,-5.1707,-2.6415
198608,2.1475,3.5668,4.5098,4.7727,8.5178,9.4544
198609,-8.2472,-4.8288,-4.7336,-10.0511,-7.4049,-7.1923
198610,4.3811,2.8232,1.8179,5.5927,5.3621,5.5069
198611,0.0724,-0.5992,0.4823,2.0394,2.1603,1.5049
198612,-3.1838,-2.8936,-1.9876,-2.4543,-2.9636,-2.9016
198701,12.5147,11.0978,9.0717,13.9091,13.2068,10.9867
198702,9.6082,6.7713,5.0631,7.4705,3.4575,0.0318
198703,1.2863,2.6613,3.6796,1.6617,2.2806,2.5831
198704,-2.6653,-3.0350,-3.6621,-1.8357,-0.9494,-1.5002
198705,-0.2934,-0.0033,0.7250,1.4688,-0.1668,0.7030
198706,1.4330,3.2576,3.5425,4.6655,5.4120,4.6964
198707,2.1863,3.2746,5.3532,5.5834,3.5015,3.7397
198708,2.8752,3.7804,2.9831,4.6788,4.3486,2.7749
198709,-2.5655,-1.2601,-1.4018,-1.9305,-2.3035,-2.5430
198710,-32.3704,-27.9761,-27.7156,-23.1790,-20.2262,-19.3713
198711,-6.7168,-3.9474,-3.4462,-8.7953,-7.8408,-5.7914
198712,9.2956,6.9495,4.6018,9.1708,6.4054,4.8776
198801,2.1638,4.8960,6.3471,2.0633,5.6221,8.0330
198802,8.4511,7.9635,7.1215,5.4205,4.6036,3.4464
198803,3.7218,3.8933,3.3445,-3.0865,-3.2041,-1.2362
198804,1.3704,1.9419,2.5646,-0.6451,2.0897,1.5427
198805,-2.9212,-1.7880,-0.4524,0.0007,0.6330,2.1266
198806,7.6162,6.9554,6.2922,4.7746,5.6380,3.9663
198807,-2.4485,-0.1038,0.3257,-1.5442,-0.2680,0.2225
198808,-4.1199,-1.5511,-1.5742,-2.8804,-3.1205,-1.3656
198809,2.6871,2.9365,2.7791,5.0760,3.4637,3.6226
198810,-2.0270,-0.0766,0.6430,2.2812,1.9210,3.0299
198811,-3.8615,-2.5350,-2.7076,-1.6748,-1.8614,-0.3537
198812,4.0772,3.8564,2.9920,2.7748,1.5602,0.7505
198901,4.3506,4.5150,5.3998,7.0727,6.5667,7.0389
198902,0.5036,0.7869,1.2577,-2.3422,-2.0505,-1.3510
198903,2.5564,3.0258,3.4006,2.5206,1.6419,2.5989
198904,4.8201,4.3304,3.8807,5.9977,4.7726,4.0285
198905,4.6430,3.7569,3.8104,4.7806,3.5797,3.9658
198906,-3.1054,-0.7588,-0.0717,-0.9556,-0.3320,0.3938
198907,4.4731,4.0587,3.4547,10.7859,7.1256,6.1464
198908,2.6153,2.8085,2.6320,1.0758,2.8806,2.5837
198909,1.3454,0.0710,-0.8624,0.5166,-0.7771,0.0332
198910,-5.0424,-5.7575,-6.4956,-1.3632,-3.9274,-2.0523
198911,0.6595,0.7600,-0.1573,2.3968,1.6920,0.9385
198912,0.1303,-0.4167,-0.2695,1.7207,2.3563,2.6073
199001,-9.1744,-7.6903,-7.9519,-7.5288,-6.3845,-7.0444
199002,3.2023,2.6561,2.3163,0.3307,2.2455,2.4823
199003,4.4465,3.8427,2.2951,4.1332,1.3505,0.4998
199004,-2.9309,-3.0668,-4.3776,-0.8914,-3.4679,-4.5382
199005,8.5125,6.3927,4.3511,10.8309,8.5570,7.5462
199006,1.1489,0.3652,0.0676,1.2901,-2.4527,-1.5198
199007,-4.6468,-3.5985,-4.2403,-1.2720,-0.0374,-1.5607
199008,-14.6672,-12.2684,-11.3109,-9.7117,-7.9263,-9.9271
199009,-10.2502,-8.3677,-8.1408,-5.7432,-3.7047,-6.3734
199010,-5.9627,-5.6029,-5.8521,0.3461,-1.9572,0.7754
199011,9.0081,6.5435,4.7365,7.3761,6.7944,5.1888
199012,4.0731,3.5480,2.7889,3.7477,2.4048,1.9443
199101,9.4601,8.1677,7.6102,6.3212,3.2582,4.3065
199102,11.7012,10.3005,11.2921,7.8067,6.5221,7.0995
199103,7.7561,5.2605,6.6020,4.0274,1.1115,2.7702
199104,-0.6149,1.2789,1.7052,-0.2518,0.8010,0.3084
199105,4.3561,4.8164,2.5351,4.6654,2.9062,5.2189
199106,-5.2622,-3.2602,-4.1243,-4.8713,-4.3087,-3.6755
199107,4.2132,3.5491,3.0407,5.4237,4.0431,4.0955
199108,4.3956,3.1416,4.3133,3.3567,1.8204,1.8719
199109,1.2241,0.6954,-1.0737,-2.2021,0.0442,-1.8954
199110,3.0848,2.5222,1.9623,1.4948,1.6696,1.7663
199111,-4.7973,-3.7294,-5.5282,-2.4962,-4.5172,-5.6229
199112,10.1600,6.7134,7.4969,14.4360,7.6422,9.0348
199201,7.6710,7.4699,10.4733,-2.2519,-1.5102,3.9572
199202,0.7575,2.8557,7.0165,0.3788,0.7404,6.8633
199203,-6.3401,-1.2296,-0.6913,-2.7660,-1.2800,-1.1175
199204,-5.5754,-2.4012,-1.0182,0.1709,4.9690,4.2244
199205,-0.6765,0.9414,2.5290,0.8800,0.4617,0.2406
199206,-6.1653,-3.2395,-2.6887,-2.5002,-1.1470,0.8324
199207,2.6037,3.4405,3.7498,4.3496,4.6110,2.1706
199208,-4.3601,-1.5664,-2.5403,-1.1211,-2.1585,-4.8800
199209,1.5071,2.4147,1.4834,1.6026,0.8947,1.1567
199210,4.4025,2.4193,1.7256,2.3723,-0.9116,1.0396
199211,9.6180,6.4644,6.7092,4.5929,2.5344,4.6464
199212,2.6100,3.5740,4.9822,0.6918,2.0977,3.4902
199301,1.2938,4.0976,6.4872,-1.1251,1.4722,5.5458
199302,-6.4008,-0.0566,1.0278,-2.3107,4.1037,3.0926
199303,2.1141,2.5611,3.6237,1.7558,3.0810,2.7876
199304,-3.7890,-2.4250,-2.6810,-5.0475,-0.7857,-1.1196
199305,6.6772,3.2376,3.0461,4.0306,2.3408,0.6970
199306,0.7091,0.5998,1.3375,-1.0669,1.2170,3.5088
199307,-0.4192,1.4857,2.1794,-1.9841,1.2970,1.1873
199308,3.8654,4.7779,3.4374,3.4431,4.0280,4.1141
199309,3.2623,2.3373,2.4942,-0.9729,0.6380,-0.6483
199310,3.9081,1.6627,2.7294,3.3606,-0.1659,-0.9897
199311,-3.1948,-2.8353,-2.4624,0.0979,-2.7226,-2.1819
199312,2.6799,3.9162,2.5582,1.4128,1.8629,2.2089
199401,1.9219,2.9008,4.9088,2.4345,4.4221,1.6943
199402,-0.9204,0.8819,-1.1299,-1.7765,-3.0721,-4.7031
199403,-6.2503,-4.7926,-4.3130,-4.6688,-3.9154,-3.3533
199404,-0.9324,0.6927,1.4503,0.5819,1.8673,1.6360
199405,-2.6075,-1.0783,0.1292,1.4133,1.5122,-0.1584
199406,-4.8333,-2.2713,-1.7840,-3.1255,-1.8551,-2.6852
199407,1.5142,1.2520,2.1126,2.8524,3.9760,3.4687
199408,7.3587,4.8050,3.9474,5.2405,2.9064,3.7388
199409,0.5698,-0.1521,-0.0932,-1.4239,-3.0475,-4.5739
199410,0.4038,0.1423,-1.6325,2.0200,2.8381,0.7616
199411,-3.8206,-3.3570,-3.6403,-3.2413,-3.4436,-4.9552
199412,0.8338,1.6764,1.5904,1.5363,1.2543,0.3924
199501,-1.0886,-0.4066,0.9295,2.2062,2.4693,5.2683
199502,3.4821,3.3173,4.2741,3.8621,3.8652,5.3291
199503,2.8935,1.8982,1.1764,2.9762,3.1713,0.3965
199504,1.0241,2.7542,3.2952,2.3518,2.8044,3.5402
199505,0.7965,1.6228,2.8937,3.3033,3.9933,5.6106
199506,7.8418,4.4514,4.3133,3.4577,1.8275,1.8595
199507,8.2011,4.6516,4.9126,3.7912,3.9159,3.7452
199508,1.9673,2.7192,4.0798,-0.0088,0.8899,3.8317
199509,2.3316,1.9374,1.7394,4.5333,3.1500,5.1262
199510,-5.6858,-5.2721,-3.7596,0.3334,-1.1944,-2.3246
199511,3.5408,3.3048,3.7304,4.1984,4.6122,5.3091
199512,2.2148,2.2188,2.1684,0.7387,2.6389,1.3430
199601,0.2882,0.3057,0.7295,3.1150,2.8646,3.2563
199602,4.8404,2.3532,2.8687,1.7231,1.3353,1.5320
199603,2.3684,2.5840,2.7501,0.2953,2.0069,0.8113
199604,8.6769,5.1882,4.5626,2.5329,1.7535,-1.6085
199605,6.0289,4.5303,5.3173,3.4168,0.8434,2.3523
199606,-6.2488,-2.8992,-2.3388,0.0837,-0.6094,0.8427
199607,-13.8949,-6.6689,-5.4801,-5.6573,-3.8112,-3.7197
199608,7.0689,4.9845,4.4331,2.1311,3.8381,3.1901
199609,5.3382,2.4982,3.2074,6.6729,4.0705,3.2068
199610,-5.1515,-0.3482,0.9865,0.6736,3.8261,4.2675
199611,1.6373,4.5926,3.9217,7.1700,7.3566,7.7766
199612,0.6125,2.3517,2.2108,-1.7212,-1.5438,-0.8684
199701,4.1731,3.2644,2.8220,6.5085,4.7708,4.8304
199702,-6.4906,-0.7421,1.2437,0.0233,-0.0107,3.7804
199703,-8.4714,-3.8701,-1.8400,-5.3757,-2.4632,-5.1526
199704,-3.1539,0.6644,-0.4230,6.4761,3.9750,3.7873
199705,15.5582,10.1956,8.3948,6.9353,5.8779,5.9473
199706,3.4337,5.4791,6.8884,4.3613,3.8554,3.9913
199707,4.9993,5.1547,5.6687,7.6945,8.6304,7.6743
199708,3.9018,3.4582,3.0587,-5.4677,-3.7843,-2.3036
199709,8.7176,7.9479,8.1860,5.0533,6.0506,6.1215
199710,-6.4817,-3.4702,-2.0471,-3.3067,-3.1913,-3.1238
199711,-3.4634,-0.8688,0.3846,5.1084,2.6145,3.7456
199712,-2.3281,0.8016,2.2429,1.1878,2.8140,4.8122
199801,-0.6017,-1.2115,-0.9985,2.5693,-1.9893,-0.3182
199802,8.2631,7.3599,7.1895,7.0072,8.2687,6.9060
199803,4.2266,4.7984,4.7536,4.8803,5.1322,7.2712
199804,0.6387,1.4152,2.1042,0.8671,1.8864,1.3248
199805,-7.2670,-5.1283,-2.5654,-2.1882,-2.4056,-0.1828
199806,0.5020,-0.3385,-0.3396,5.5345,1.6913,2.6341
199807,-7.7528,-7.5982,-7.1096,-0.8353,-2.1530,-4.7103
199808,-24.4127,-18.3636,-18.5502,-13.6453,-18.5992,-12.1436
199809,8.9607,5.1348,3.6768,7.8878,3.2726,6.3844
199810,4.5461,3.8171,3.1925,7.9589,8.2840,4.7215
199811,9.0405,5.8134,5.5622,7.0554,5.6443,4.1147
199812,6.5882,3.5302,2.7799,8.2706,2.4388,3.8004
199901,3.9028,2.3489,0.6207,5.0097,1.1499,-1.6167
199902,-8.8792,-7.3467,-8.4217,-4.4186,-0.8996,-1.0974
199903,-0.1428,0.8306,-2.7268,4.0345,4.1257,1.0646
199904,9.0723,10.7752,9.1036,2.3592,7.5469,7.0782
199905,1.9144,0.7931,4.0050,-2.4738,-1.1531,0.2454
199906,6.8507,5.8892,5.9751,6.6378,2.4379,0.3097
199907,-1.3672,-0.4567,-1.1784,-2.9394,-3.9022,-3.8859
199908,-2.9481,-3.1750,-3.1506,0.0772,-3.3516,-3.0603
199909,0.4735,-0.2040,-2.8802,-1.7968,-5.4583,-5.5178
199910,0.4871,-0.3677,-2.5943,6.5810,7.9656,3.0644
199911,13.3897,6.3398,4.3006,4.1770,-2.4926,1.0196
199912,18.1432,9.1146,6.6599,8.3022,1.5488,3.0123
200001,1.0426,-1.1889,0.7215,-4.8209,-4.0434,-7.4133
200002,27.0854,16.0717,13.3048,1.2962,-5.2072,-3.0134
200003,-12.4433,-4.7920,-1.1379,8.5133,11.0704,12.1947
200004,-14.8950,-6.0727,-4.4784,-4.2793,-0.7006,0.6607
200005,-8.0985,-5.3414,-5.0292,-3.4341,0.2869,3.3116
200006,17.4556,9.4231,8.6882,4.7416,-4.1127,-2.8764
200007,-7.1640,1.1943,1.9213,-3.0383,3.6647,4.6346
200008,8.7912,5.2594,6.5796,7.6452,8.0963,6.9413
200009,-7.3864,-0.6675,-0.2925,-5.9781,1.7708,1.5236
200010,-8.3692,-1.5043,-1.5922,-2.0437,-0.5812,2.5626
200011,-16.6598,-4.4697,-2.6738,-10.6100,-3.2882,0.5122
200012,2.7395,8.9954,8.4333,-0.1879,8.9460,9.2510
200101,12.6980,5.2680,6.6278,3.5053,1.8392,-0.9835
200102,-12.6185,-0.5204,-0.0019,-11.2135,-0.8177,1.3624
200103,-7.8218,-0.8013,-1.5963,-8.0594,-1.4112,-1.2521
200104,10.2254,5.1195,4.9922,8.9842,4.8431,4.7385
200105,3.8242,4.7254,6.2777,0.4174,2.1357,4.7278
200106,6.3430,4.7558,3.0704,-2.1992,-1.0465,-1.3186
200107,-9.1511,-4.6737,-1.0817,-1.7393,-1.2102,1.3997
200108,-7.3814,-2.6645,-1.4542,-6.9294,-3.9364,-7.8249
200109,-17.0651,-13.3808,-14.0552,-8.1643,-9.6139,-7.7329
200110,11.2864,5.4706,4.4942,3.3253,0.6515,-5.7656
200111,8.8457,7.4851,9.0173,7.9206,6.8565,11.5774
200112,6.7275,6.8545,6.7848,0.6664,2.8519,3.0127
200201,-4.9910,0.2565,3.2417,-0.9261,-1.6327,-2.2034
200202,-8.1929,-1.3318,-0.9607,-2.4135,0.0418,-4.7232
200203,8.9159,7.6332,9.8413,3.5888,5.5583,4.6019
200204,-4.1165,2.4480,4.2244,-7.1116,-0.6309,-7.1603
200205,-6.6550,-3.7206,-2.5953,-1.3649,0.3728,-2.1418
200206,-7.0951,-3.2877,-2.4445,-7.4429,-6.0086,-12.0165
200207,-14.7657,-14.5752,-14.8923,-6.4733,-8.6645,-13.3758
200208,-0.4380,0.4390,-0.6362,-0.0906,1.6984,6.5187
200209,-8.4594,-7.5735,-6.8865,-10.8687,-10.0513,-9.0828
200210,6.8404,4.4495,0.4886,9.8208,4.3449,7.9221
200211,13.2066,8.4116,7.4531,5.3783,5.7819,8.1312
200212,-8.7903,-4.6695,-3.5208,-6.2338,-3.9589,-6.7289
200301,-2.4171,-2.6622,-1.1439,-2.8274,-1.8669,-5.5499
200302,-3.9418,-1.9900,-3.5721,-1.4388,-2.3857,-4.3510
200303,1.8377,0.5312,0.7979,1.5849,0.3799,-1.5384
200304,11.0591,9.4765,9.3659,7.7802,8.7262,11.3060
200305,13.3103,10.8549,10.2091,5.0137,7.3413,8.3546
200306,2.4456,2.2388,3.9947,1.3392,1.2192,0.6297
200307,8.0739,5.8704,6.9768,1.7611,2.7784,0.7377
200308,4.9209,4.6103,6.1833,2.1067,1.5167,4.0007
200309,-1.6568,-1.9599,0.7328,-1.1547,-0.4389,-3.3857
200310,8.4639,7.9133,10.6388,5.2226,7.1533,6.7165
200311,2.8588,3.6795,4.5763,0.8143,1.6012,2.7125
200312,0.9791,2.6149,2.9552,4.6062,4.3658,5.8513
200401,3.8353,3.5084,7.1795,1.4356,2.4722,3.0719
200402,0.4267,0.9077,0.3029,1.0923,2.2690,2.9450
200403,1.3198,0.3968,0.4249,-1.8758,-0.7639,-0.4738
200404,-3.4444,-3.2663,-6.0753,-0.2336,-3.6981,-3.6780
200405,0.9902,1.2751,0.6054,1.2534,1.2451,1.1048
200406,3.1121,5.0594,4.3559,1.4715,1.5975,2.6755
200407,-9.7267,-5.4178,-5.2252,-4.3500,-2.3883,-2.1566
200408,-2.3510,-0.3720,-0.7121,-0.2797,1.3934,0.1603
200409,5.5876,5.1215,3.5853,0.7800,1.8217,2.6750
200410,2.8637,1.6223,1.1508,1.5381,1.1405,2.6169
200411,8.3754,8.7067,8.8010,3.7025,4.7818,6.2275
200412,4.3247,2.5139,3.7525,3.4662,3.6261,3.7852
200501,-5.4684,-3.2337,-2.6126,-3.0187,-1.5371,-1.6768
200502,0.7135,2.0559,2.9243,2.2030,1.8883,3.1664
200503,-4.1921,-2.3564,-1.3729,-1.3059,-2.6825,0.1472
200504,-6.3320,-6.0544,-5.8081,-1.6652,-2.4550,-2.1641
200505,7.3209,6.3480,5.6097,3.6479,3.1588,4.1331
200506,2.7640,4.0598,4.6431,-0.9002,1.9053,2.8749
200507,6.9919,6.8668,5.9355,4.5867,2.5883,3.9755
200508,-2.1739,-1.1873,-1.2592,-1.2513,-0.8292,0.3203
200509,0.3285,0.8839,0.3254,0.3902,1.0726,1.9119
200510,-4.0322,-2.4654,-2.3979,-1.2324,-1.8234,-2.1366
200511,5.2483,4.3850,4.0740,4.1564,3.6683,2.8967
200512,0.0558,-0.4387,-0.2829,-0.7487,1.3594,0.0947
200601,8.7279,9.3803,7.9686,1.8277,3.5706,4.3763
200602,-0.5254,-0.1558,-0.5560,-0.1626,0.9251,-0.7609
200603,4.1610,5.2416,5.3512,1.6809,1.0757,1.5718
200604,-0.6745,1.1405,0.8170,0.0081,2.2457,3.2972
200605,-7.8401,-4.7134,-4.1134,-2.9371,-2.7213,-1.7126
200606,-0.7251,0.4253,0.1519,-0.1074,0.1496,0.8588
200607,-5.9697,-2.6541,-2.2920,-0.8366,1.2101,0.7304
200608,3.3771,2.4678,2.6745,3.3052,2.0033,0.0729
200609,0.9926,0.8631,1.4047,2.5144,2.3648,2.2450
200610,6.0558,5.2109,4.5290,3.3944,2.9459,4.3943
200611,2.6974,2.8246,2.7846,1.8944,2.1379,1.9211
200612,-0.6003,0.7385,1.9870,0.3252,2.0570,3.1459
200701,2.6228,0.8557,1.9670,1.9369,1.7732,1.2165
200702,-0.1836,0.0123,-0.9329,-1.9568,-1.5489,-1.4872
200703,1.6621,1.2352,0.4737,0.8715,1.7553,0.4616
200704,2.7704,2.0439,1.0295,4.8907,3.6344,3.8033
200705,4.4361,3.7551,3.1117,3.2164,4.0056,3.2889
200706,-0.5052,-1.0873,-1.6890,-1.0875,-2.3722,-2.1517
200707,-4.7537,-5.7177,-7.8857,-1.3833,-4.1397,-5.4559
200708,1.6118,2.3342,-0.7974,1.5804,2.0557,0.0286
200709,2.6218,1.0228,-0.0898,4.9340,2.2394,3.1330
200710,3.8058,1.7895,0.4455,3.1494,1.3064,0.8424
200711,-7.2022,-6.6378,-7.8337,-3.1676,-5.4768,-4.7262
200712,0.3079,-0.7059,-0.9194,-0.4016,-0.9568,-0.2842
200801,-8.2409,-6.3141,-4.0171,-7.2033,-4.8224,-3.8992
200802,-4.3347,-2.8930,-3.7792,-2.1040,-3.7614,-4.0900
200803,-1.7629,1.1202,0.0934,0.6718,-2.5735,-1.0141
200804,5.2473,3.3427,1.6865,3.7120,6.0520,5.1334
200805,5.6634,5.5286,3.0410,2.2680,0.6544,2.0468
200806,-7.3161,-7.3162,-9.1193,-7.0402,-9.5533,-10.4652
200807,2.2600,2.8421,5.0263,-1.0948,-3.1258,7.0009
200808,3.1846,3.8246,6.9025,1.4642,1.0353,0.8330
200809,-11.1733,-7.3872,-6.5656,-9.8102,-9.7977,-1.8885
200810,-21.9563,-19.2754,-20.4305,-15.4140,-17.1666,-21.5172
200811,-11.9417,-10.8835,-14.2545,-6.1393,-6.4117,-15.9061
200812,4.8701,4.4011,5.4623,1.6501,1.1829,1.2110
200901,-7.7060,-10.1069,-15.4966,-5.4501,-9.1720,-19.7648
200902,-9.7496,-11.1914,-14.7986,-8.0299,-11.7496,-16.5031
200903,9.1444,10.4463,10.7030,8.3160,8.7089,13.3583
200904,16.4320,16.5722,17.4543,7.9629,10.3630,16.6687
200905,3.6390,3.0758,2.6066,4.6292,6.0499,6.3875
200906,5.3437,1.7370,0.7884,0.8514,-0.9419,0.2401
200907,6.9001,10.1982,13.5552,6.7160,8.2891,9.9903
200908,1.0646,3.0334,8.0854,1.7203,3.9489,9.8739
200909,6.4919,5.6793,7.3874,3.4186,4.6479,4.2666
200910,-6.9516,-6.2161,-9.0457,-0.4415,-2.8230,-6.4116
200911,1.8211,1.9683,3.9983,6.6410,4.7031,3.8874
200912,8.4990,8.0671,8.5059,1.9283,3.0931,1.6924
201001,-3.5953,-3.0942,-2.8317,-4.2432,-1.9743,-4.4307
201002,3.4404,3.9736,7.4939,3.0473,2.9364,5.3456
201003,6.9891,8.0794,8.9014,5.2355,6.7931,7.6418
201004,3.8181,6.2967,9.3154,0.8727,2.7208,1.2376
201005,-6.0260,-7.0576,-10.2780,-7.3742,-8.5175,-7.9156
201006,-5.9619,-7.3723,-10.8686,-4.4190,-5.7064,-8.5521
201007,6.8612,6.7051,7.1566,6.7004,7.7734,5.7084
201008,-7.0766,-7.6903,-8.6943,-4.1428,-3.8882,-6.4109
201009,14.1930,12.7047,10.8425,10.0707,8.9740,6.8557
201010,4.4818,4.4007,3.3590,4.5855,3.8495,0.5229
201011,3.5898,4.2715,3.2228,0.5565,0.3369,-1.0200
201012,7.1955,8.2279,9.4247,4.9479,7.7763,10.1810
201101,-0.3105,0.1192,0.2560,2.0423,2.6040,2.8376
201102,5.0282,5.2773,5.7293,2.5503,4.3115,4.5748
201103,3.3305,2.8883,1.6031,0.1975,1.3611,-1.5606
201104,3.4328,2.1633,0.9843,3.7394,2.6974,1.1634
201105,-1.5977,-2.0413,-3.2705,-0.5688,-1.4021,-2.9965
201106,-1.8990,-1.9516,-2.0127,-1.4341,-1.7598,-2.2181
201107,-4.7091,-4.0397,-3.1010,-0.7682,-2.8100,-4.0507
201108,-9.1628,-8.9009,-9.8948,-4.2296,-6.1533,-8.3318
201109,-11.1711,-11.5100,-10.7782,-6.4895,-6.7469,-10.1272
201110,15.6873,15.5295,13.2544,9.8971,11.9168,12.5790
201111,-1.8470,-0.2664,-0.1217,-0.2532,1.0502,-2.6405
201112,-0.6651,0.6972,1.1706,-0.2493,1.9601,1.3766
201201,8.2795,6.8165,5.9243,5.6069,3.2483,5.9712
201202,3.3736,2.4072,2.9953,4.9551,3.3277,5.9821
201203,2.3726,2.7519,3.1036,3.6911,1.3415,5.3390
201204,-1.3951,-2.1467,-0.8482,-0.4161,-0.2964,-2.5586
201205,-6.4329,-6.4018,-6.1140,-6.0727,-5.1907,-7.9550
201206,5.9610,4.1210,4.9009,2.7709,4.7694,5.0988
201207,-3.2817,-0.7469,-1.6686,1.2386,1.5106,-0.5166
201208,3.2779,3.3609,3.4530,2.3590,1.8327,4.6062
201209,3.3277,3.5538,3.9733,1.9081,3.1501,4.3166
201210,-4.0260,-1.2678,-0.8425,-2.5558,-1.7695,1.6115
201211,1.0949,0.9399,0.6813,1.1548,0.2395,-0.3110
201212,2.6005,3.3380,4.4314,-0.2128,1.1603,5.0058
201301,6.9917,6.2420,5.8709,4.4917,6.1138,7.4266
201302,0.9892,0.7005,1.1541,1.3672,1.3815,1.3517
201303,5.1506,4.5160,4.4999,3.7980,4.0374,4.0532
201304,-0.8484,-0.9413,-0.1291,1.8171,1.3208,2.1916
201305,5.0336,5.2908,5.1686,1.9576,1.4795,7.1215
201306,-0.2841,0.2270,-0.3952,-1.7674,-0.4187,-1.6981
201307,7.3771,7.1126,7.8947,5.6462,4.8816,6.2793
201308,-1.0934,-3.4034,-3.8339,-1.7424,-3.1625,-4.3420
201309,6.2933,6.4721,5.5962,4.0830,3.0990,2.4079
201310,1.0925,3.0660,3.8931,4.1763,4.7916,3.7827
201311,5.0427,3.9874,4.3289,3.3117,1.8636,4.6521
201312,1.8493,2.5982,1.8170,2.1560,3.7440,2.0911
201401,-0.2318,-4.0188,-3.7250,-3.3480,-3.3741,-3.8950
201402,4.0546,4.7312,5.0990,5.0002,4.6890,3.2084
201403,-3.4553,1.1396,1.3380,-0.5633,0.8118,4.4689
201404,-6.3998,-3.0525,-2.8289,0.4184,0.9046,-0.9234
201405,-0.7980,0.9806,-0.0155,2.4428,2.0025,1.4300
201406,7.1964,4.9687,4.4996,1.6738,2.7537,3.0049
201407,-6.3011,-6.3902,-5.3873,-1.4075,-1.5502,-2.3555
201408,4.9715,4.0456,4.5282,4.9008,3.3105,4.1845
201409,-4.7336,-5.3078,-6.4845,-0.9435,-2.4101,-1.8052
201410,7.5027,5.8528,5.2697,2.8418,1.5572,1.4299
201411,1.6721,-0.2026,-0.9594,3.3906,3.0890,0.2806
201412,2.0991,2.8822,3.2309,-1.3311,0.0784,1.8930
201501,-2.8597,-4.8284,-5.1180,-1.6030,-3.2058,-6.3488
201502,7.5158,6.8811,5.0122,6.7781,5.5833,5.5096
201503,2.0646,1.7724,1.0648,-1.4013,-1.5003,-1.2611
201504,-3.2277,-2.0138,-0.6825,0.4155,1.0396,1.5464
201505,2.7661,2.7088,0.9158,1.4258,1.3091,0.9037
201506,2.5895,0.2324,0.5559,-1.8069,-2.0198,-1.2935
201507,-0.1739,-2.4338,-5.6033,3.0610,0.9513,0.1049
201508,-9.0113,-4.6210,-3.3525,-6.2083,-5.5864,-6.6119
201509,-7.7423,-4.6574,-4.7493,-2.2129,-2.8898,-4.1875
201510,4.6882,6.4507,5.8296,7.9519,8.5307,6.3995
201511,5.8553,3.2821,3.6842,0.5209,-0.3187,1.6329
201512,-4.0302,-4.8346,-6.7399,-1.2319,-2.3496,-3.5576
201601,-13.8789,-7.7289,-6.9229,-5.1947,-5.1060,-8.1833
201602,-0.5937,0.8508,0.5625,0.0123,0.6203,-2.2687
201603,7.8223,7.9400,8.3578,6.6090,6.8055,8.1949
201604,2.5179,1.1507,3.7107,-0.6825,1.3510,4.7326
201605,2.2723,1.2759,0.3084,2.1703,1.8164,0.6899
201606,0.2115,-0.3664,-0.0081,0.0817,0.4467,-2.6264
201607,7.1985,5.6559,5.8717,4.8807,2.2391,3.7458
201608,1.1452,2.6593,3.4257,-0.3426,0.2078,3.8638
201609,3.1394,1.4006,1.5290,0.4350,-0.1044,-0.3561
201610,-8.1475,-5.2088,-3.1056,-2.0268,-2.1600,1.0040
201611,9.0298,12.2108,14.7536,1.9342,5.2295,12.5040
201612,-0.3809,2.8771,4.5108,1.3416,1.9121,3.4371
201701,2.0321,-0.0472,-0.5518,3.3650,0.7414,0.4139
201702,3.6948,0.9315,0.3701,4.3592,2.4970,4.1141
201703,2.2544,0.1674,-0.6146,1.0923,-0.2446,-2.5291
201704,1.9172,1.4570,0.6385,1.9880,0.7563,-0.8431
201705,-1.0502,-1.5375,-3.8193,2.9722,-0.0167,-1.6463
201706,4.6429,3.1367,3.2601,-0.1406,0.6389,4.1112
201707,0.7155,0.6648,0.5866,2.5375,1.6381,2.1058
201708,-0.3490,-2.1182,-2.4194,1.3384,-0.1988,-1.2083
201709,5.5334,8.3172,8.2547,1.3056,2.6338,4.7730
201710,0.4519,0.2148,1.0135,3.2002,1.4580,2.8073
201711,2.6762,2.7782,2.5518,3.2927,3.3616,3.2147
201712,0.6234,-0.5844,0.0165,0.8686,1.1759,1.9808
201801,3.0269,3.1384,1.6872,6.4722,5.4520,5.2875
201802,-2.9959,-3.9073,-3.5732,-2.5583,-4.7461,-4.0503
201803,1.3651,0.8639,1.9931,-2.3907,-2.1912,-3.3240
201804,1.2450,1.1331,2.2638,0.6285,0.0730,0.5281
201805,7.9991,7.4602,5.9104,3.8720,1.9346,-0.3043
201806,2.8016,0.4408,0.5812,1.0620,0.4845,-1.2663
201807,1.3209,2.1368,1.1085,3.2395,3.3869,4.6173
201808,5.7667,3.1066,2.4353,5.2336,2.0374,0.8228
201809,-1.7750,-2.7792,-2.7346,0.7542,0.3843,-1.6946
201810,-13.4841,-11.3749,-9.2305,-8.5239,-5.2961,-5.5447
201811,0.9757,2.2212,0.6843,1.5920,2.0586,2.2908
201812,-12.1124,-12.1027,-12.6805,-8.3938,-9.3059,-11.5765
201901,12.9435,10.3570,11.0024,8.3082,8.0447,9.1246
201902,6.4163,5.1954,3.5217,3.7355,3.9189,1.1890
201903,-0.6939,-2.8683,-4.2630,2.9315,0.3415,-1.9011
201904,2.3863,4.1957,3.0586,3.9929,3.6290,7.3179
201905,-7.2585,-8.0472,-9.8982,-6.6113,-6.5191,-8.2805
201906,8.2384,7.7527,6.2607,7.1212,7.0654,7.4689
201907,-0.6858,0.5102,-0.8924,1.8077,0.6872,2.6089
201908,-4.1380,-5.9746,-8.2509,-1.0864,-3.1412,-6.8390
201909,-2.6087,3.9324,5.5780,0.3238,3.8417,5.7068
201910,4.5907,2.4525,0.5675,2.5855,1.7875,2.4377
201911,6.2281,3.1774,3.7846,4.3426,3.2597,3.0504
201912,2.5507,4.2367,4.9583,2.7787,2.6124,4.2353
202001,-1.8009,-4.3114,-8.1951,1.7186,-2.2763,-4.4928
202002,-6.0983,-8.7559,-10.1500,-7.0477,-10.0468,-10.9141
202003,-18.8663,-21.4212,-28.8147,-8.9905,-17.5652,-27.2588
202004,18.6507,13.0756,15.9711,14.3836,10.6881,14.3632
202005,11.4148,4.6756,4.2996,6.0215,3.7061,3.2378
202006,5.5004,2.3242,3.5281,3.5551,-1.3844,1.0915
202007,1.8461,2.8802,2.7701,7.2024,3.3265,3.6323
202008,7.4255,4.7748,5.3837,9.4969,3.0574,5.3317
